About,crwdns112978:0crwdne112978:0,
Actions,crwdns113048:0crwdne113048:0,
Administrator,crwdns113242:0crwdne113242:0,
Advanced Search,crwdns113254:0crwdne113254:0,
All,crwdns113294:0crwdne113294:0,
All Day,crwdns113300:0crwdne113300:0,
An error occurred while setting Session Defaults,crwdns113488:0crwdne113488:0,
Apps,crwdns148374:0crwdne148374:0,
Automatic,crwdns113900:0crwdne113900:0,
Average,crwdns113916:0crwdne113916:0,
Back,crwdns113970:0crwdne113970:0,
Back to Login,crwdns113976:0crwdne113976:0,
Basic,crwdns144152:0crwdne144152:0,
Blue,crwdns144196:0crwdne144196:0,
Both login and password required,crwdns114156:0crwdne114156:0,
Cache Cleared,crwdns114298:0crwdne114298:0,
Cancel,crwdns114354:0crwdne114354:0,
Card,crwdns144304:0crwdne144304:0,
Chart,crwdns144330:0crwdne144330:0,
Choose an icon,crwdns114638:0crwdne114638:0,
Color,crwdns114782:0crwdne114782:0,
Content,crwdns144470:0crwdne144470:0,
Create a new {0},crwdns115212:0{0}crwdne115212:0,
Dark Theme,crwdns115496:0crwdne115496:0,
Dashboard,crwdns115498:0crwdne115498:0,
Data Clipped,crwdns115552:0crwdne115552:0,
Description,crwdns115818:0crwdne115818:0,
DocType,crwdns116000:0crwdne116000:0,
Don't have an account?,crwdns116296:0crwdne116296:0,
Email,crwdns116472:0crwdne116472:0,
Email Address,crwdns116518:0crwdne116518:0,
Enter Code displayed in OTP App.,crwdns116802:0crwdne116802:0,
Estonia,Estonia,
Filters applied for {0},crwdns117346:0{0}crwdne117346:0,
Frappe,crwdns117594:0crwdne117594:0,
Frappe Light,crwdns117602:0crwdne117602:0,
Frappe Support,crwdns117604:0crwdne117604:0,
Full Name,crwdns117652:0crwdne117652:0,
Green,crwdns145304:0crwdne145304:0,
Have an account? Login,crwdns117966:0crwdne117966:0,
Help,crwdns118008:0crwdne118008:0,
Hide,crwdns118066:0crwdne118066:0,
Home,crwdns118142:0crwdne118142:0,
Iceland,Iceland,
Icon,crwdns118192:0crwdne118192:0,
Instructions Emailed,crwdns118590:0crwdne118590:0,
Inter,crwdns145584:0crwdne145584:0,
Invalid Login Token,crwdns118686:0crwdne118686:0,
Invalid Login. Try again.,crwdns118688:0crwdne118688:0,
Invalid Request,crwdns118708:0crwdne118708:0,
Item Type,crwdns145670:0crwdne145670:0,
Javascript is disabled on your browser,crwdns118928:0crwdne118928:0,
Keyboard Shortcuts,crwdns118988:0crwdne118988:0,
Label,crwdns119056:0crwdne119056:0,
Ledger,crwdns145792:0crwdne145792:0,
Light Theme,crwdns119276:0crwdne119276:0,
Link,crwdns145840:0crwdne145840:0,
Log in to access this page.,crwdns119458:0crwdne119458:0,
Log out,crwdns119460:0crwdne119460:0,
Login,crwdns119464:0crwdne119464:0,
Login Page,crwdns145906:0crwdne145906:0,
Login token required,crwdns149030:0crwdne149030:0,
Login with LDAP,crwdns119508:0crwdne119508:0,
Looks like you haven’t received any notifications.,crwdns119544:0crwdne119544:0,
Mali,Mali,
Mark all as read,crwdns119636:0crwdne119636:0,
Mark as Read,crwdns119638:0crwdne119638:0,
Menu,crwdns119722:0crwdne119722:0,
Mobile,crwdns119856:0crwdne119856:0,
Module Name,crwdns146042:0crwdne146042:0,
Montserrat,Montserrat,
My Profile,crwdns120052:0crwdne120052:0,
My Settings,crwdns120054:0crwdne120054:0,
New Workspace,crwdns120192:0crwdne120192:0,
No,crwdns120264:0crwdne120264:0,
No New notifications,crwdns120316:0crwdne120316:0,
No Upcoming Events,crwdns120344:0crwdne120344:0,
Not Allowed,crwdns120452:0crwdne120452:0,
Not Allowed: Disabled User,crwdns120454:0crwdne120454:0,
Not a valid user,crwdns120498:0crwdne120498:0,
Not permitted,crwdns120520:0crwdne120520:0,
Notification Settings,crwdns120578:0crwdne120578:0,
Notifications,crwdns120586:0crwdne120586:0,
Notifications Disabled,crwdns120590:0crwdne120590:0,
Number Card,crwdns120610:0crwdne120610:0,
OTP setup using OTP App was not completed. Please contact Administrator.,crwdns120680:0crwdne120680:0,
Orange,crwdns146266:0crwdne146266:0,
Page,crwdns120972:0crwdne120972:0,
Page not found,crwdns121018:0crwdne121018:0,
Password,crwdns121076:0crwdne121076:0,
Pink,crwdns146404:0crwdne146404:0,
Red,crwdns146606:0crwdne146606:0,
Refresh,crwdns122228:0crwdne122228:0,
Reload,crwdns122270:0crwdne122270:0,
Report,crwdns122352:0crwdne122352:0,
Reset Password,crwdns122520:0crwdne122520:0,
Rest of the day,crwdns122550:0crwdne122550:0,
SMS was not sent. Please contact Administrator.,crwdns122852:0crwdne122852:0,
Save,crwdns122902:0crwdne122902:0,
Search,crwdns123030:0crwdne123030:0,
See all Activity,crwdns123080:0crwdne123080:0,
Session Defaults,crwdns123422:0crwdne123422:0,
Session Defaults Saved,crwdns123426:0crwdne123426:0,
Settings,crwdns123504:0crwdne123504:0,
Share,crwdns123546:0crwdne123546:0,
Shortcuts,crwdns123578:0crwdne123578:0,
Sign up,crwdns123722:0crwdne123722:0,
Signup Disabled,crwdns123736:0crwdne123736:0,
Signups have been disabled for this website.,crwdns123738:0crwdne123738:0,
Slideshow,crwdns147138:0crwdne147138:0,
Success,crwdns124178:0crwdne124178:0,
Switch Theme,crwdns124254:0crwdne124254:0,
System Manager,crwdns124296:0crwdne124296:0,
The value you pasted was {0} characters long. Max allowed characters is {1}.,crwdns124536:0{0}crwdnd124536:0{1}crwdne124536:0,
Theme Changed,crwdns124546:0crwdne124546:0,
There are no upcoming events for you.,crwdns124554:0crwdne124554:0,
This value is fetched from {0}'s {1} field,crwdns124700:0{0}crwdnd124700:0{1}crwdne124700:0,
Timeless Night,crwdns124780:0crwdne124780:0,
To enable it follow the instructions in the following link: {0},crwdns124896:0{0}crwdne124896:0,
Toggle Full Width,crwdns124932:0crwdne124932:0,
Toggle Sidebar,crwdns124936:0crwdne124936:0,
Toggle Theme,crwdns124940:0crwdne124940:0,
User,crwdns125394:0crwdne125394:0,
Username,crwdns125580:0crwdne125580:0,
Uses system's theme to switch between light and dark mode,crwdns125596:0crwdne125596:0,
Valid Login id required.,crwdns125604:0crwdne125604:0,
Valid email and name required,crwdns125606:0crwdne125606:0,
Verification,crwdns149048:0crwdne149048:0,
Verification Code,crwdns149050:0crwdne149050:0,
Verification code email not sent. Please contact Administrator.,crwdns125676:0crwdne125676:0,
Verify,crwdns125682:0crwdne125682:0,
Verifying...,crwdns125686:0crwdne125686:0,
View Full Log,crwdns125702:0crwdne125702:0,
View Website,crwdns125722:0crwdne125722:0,
Workspace,crwdns126072:0crwdne126072:0,
Yellow,crwdns147824:0crwdne147824:0,
Yes,crwdns126158:0crwdne126158:0,
You are not permitted to access this page.,crwdns126204:0crwdne126204:0,
You need to enable JavaScript for your app to work.,crwdns126356:0crwdne126356:0,
empty,crwdns126590:0crwdne126590:0,
or,crwdns126786:0crwdne126786:0,
this form,crwdns126942:0crwdne126942:0,
{0} already exists. Select another name,crwdns127064:0{0}crwdne127064:0,
{0} is not a raw printing format.,crwdns127196:0{0}crwdne127196:0,
{0}: You can increase the limit for the field if required via {1},crwdns127404:0{0}crwdnd127404:0{1}crwdne127404:0,
